	ND_102	ND_91	ND_78	ND_82	ND_93	ND_80	ND_81	ND_95	ND_85	ND_79	ND_90	ND_101	ND_98	ND_83	ND_94	ND_100	ND_86	ND_97	ND_99	ND_84	ND_87	Microcystis_aeruginosa_LE3	ND_89
ND_102	0.077081078	0.0759393656	0.0503509032	0.0503509032	0.0503509032	0.0503509032	0.0503509032	0.0503509032	0.0503509032	0.0442793993	0.0442793993	0.0442793993	0.0442793993	0.0442793993	0.0442793993	0.0442793993	0.0442793993	0.0442793993	0.0320884158	0.0320884158	0.0320884158	0.0010688379	0.0
ND_91	0.0759393656	0.07603355619999999	0.0503509032	0.0503509032	0.0503509032	0.0503509032	0.0503509032	0.0503509032	0.0503509032	0.0442793993	0.0442793993	0.0442793993	0.0442793993	0.0442793993	0.0442793993	0.0442793993	0.0442793993	0.0442793993	0.0320884158	0.0320884158	0.0320884158	0.0010688379	0.0
ND_78	0.0503509032	0.0503509032	0.0766010236	0.076599339	0.0765991523	0.0642916929	0.0561781902	0.0561781902	0.0561781902	0.0442793993	0.0442793993	0.0442793993	0.0442793993	0.0442793993	0.0442793993	0.0442793993	0.0442793993	0.0442793993	0.0320884158	0.0320884158	0.0320884158	0.0010688379	0.0
ND_82	0.0503509032	0.0503509032	0.076599339	0.07678322209999999	0.0765991523	0.0642916929	0.0561781902	0.0561781902	0.0561781902	0.0442793993	0.0442793993	0.0442793993	0.0442793993	0.0442793993	0.0442793993	0.0442793993	0.0442793993	0.0442793993	0.0320884158	0.0320884158	0.0320884158	0.0010688379	0.0
ND_93	0.0503509032	0.0503509032	0.0765991523	0.0765991523	0.0765997707	0.0642916929	0.0561781902	0.0561781902	0.0561781902	0.0442793993	0.0442793993	0.0442793993	0.0442793993	0.0442793993	0.0442793993	0.0442793993	0.0442793993	0.0442793993	0.0320884158	0.0320884158	0.0320884158	0.0010688379	0.0
ND_80	0.0503509032	0.0503509032	0.0642916929	0.0642916929	0.0642916929	0.0790507075	0.0561781902	0.0561781902	0.0561781902	0.0442793993	0.0442793993	0.0442793993	0.0442793993	0.0442793993	0.0442793993	0.0442793993	0.0442793993	0.0442793993	0.0320884158	0.0320884158	0.0320884158	0.0010688379	0.0
ND_81	0.0503509032	0.0503509032	0.0561781902	0.0561781902	0.0561781902	0.0561781902	0.0748580175	0.0690249295	0.0690249295	0.0442793993	0.0442793993	0.0442793993	0.0442793993	0.0442793993	0.0442793993	0.0442793993	0.0442793993	0.0442793993	0.0320884158	0.0320884158	0.0320884158	0.0010688379	0.0
ND_95	0.0503509032	0.0503509032	0.0561781902	0.0561781902	0.0561781902	0.0561781902	0.0690249295	0.0747472228	0.0747250823	0.0442793993	0.0442793993	0.0442793993	0.0442793993	0.0442793993	0.0442793993	0.0442793993	0.0442793993	0.0442793993	0.0320884158	0.0320884158	0.0320884158	0.0010688379	0.0
ND_85	0.0503509032	0.0503509032	0.0561781902	0.0561781902	0.0561781902	0.0561781902	0.0690249295	0.0747250823	0.0747317807	0.0442793993	0.0442793993	0.0442793993	0.0442793993	0.0442793993	0.0442793993	0.0442793993	0.0442793993	0.0442793993	0.0320884158	0.0320884158	0.0320884158	0.0010688379	0.0
ND_79	0.0442793993	0.0442793993	0.0442793993	0.0442793993	0.0442793993	0.0442793993	0.0442793993	0.0442793993	0.0442793993	0.07448319989999999	0.0637426287	0.0544591439	0.0544591439	0.0544591439	0.0544591439	0.0544591439	0.0470662004	0.0470662004	0.0320884158	0.0320884158	0.0320884158	0.0010688379	0.0
ND_90	0.0442793993	0.0442793993	0.0442793993	0.0442793993	0.0442793993	0.0442793993	0.0442793993	0.0442793993	0.0442793993	0.0637426287	0.0755792854	0.0544591439	0.0544591439	0.0544591439	0.0544591439	0.0544591439	0.0470662004	0.0470662004	0.0320884158	0.0320884158	0.0320884158	0.0010688379	0.0
ND_101	0.0442793993	0.0442793993	0.0442793993	0.0442793993	0.0442793993	0.0442793993	0.0442793993	0.0442793993	0.0442793993	0.0544591439	0.0544591439	0.07269973769999999	0.07247854599999999	0.066250967	0.066250967	0.066250967	0.0470662004	0.0470662004	0.0320884158	0.0320884158	0.0320884158	0.0010688379	0.0
ND_98	0.0442793993	0.0442793993	0.0442793993	0.0442793993	0.0442793993	0.0442793993	0.0442793993	0.0442793993	0.0442793993	0.0544591439	0.0544591439	0.07247854599999999	0.07279922629999999	0.066250967	0.066250967	0.066250967	0.0470662004	0.0470662004	0.0320884158	0.0320884158	0.0320884158	0.0010688379	0.0
ND_83	0.0442793993	0.0442793993	0.0442793993	0.0442793993	0.0442793993	0.0442793993	0.0442793993	0.0442793993	0.0442793993	0.0544591439	0.0544591439	0.066250967	0.066250967	0.0712558366	0.07106675609999999	0.0710632039	0.0470662004	0.0470662004	0.0320884158	0.0320884158	0.0320884158	0.0010688379	0.0
ND_94	0.0442793993	0.0442793993	0.0442793993	0.0442793993	0.0442793993	0.0442793993	0.0442793993	0.0442793993	0.0442793993	0.0544591439	0.0544591439	0.066250967	0.066250967	0.07106675609999999	0.07111717279999999	0.0710632039	0.0470662004	0.0470662004	0.0320884158	0.0320884158	0.0320884158	0.0010688379	0.0
ND_100	0.0442793993	0.0442793993	0.0442793993	0.0442793993	0.0442793993	0.0442793993	0.0442793993	0.0442793993	0.0442793993	0.0544591439	0.0544591439	0.066250967	0.066250967	0.0710632039	0.0710632039	0.0710693015	0.0470662004	0.0470662004	0.0320884158	0.0320884158	0.0320884158	0.0010688379	0.0
ND_86	0.0442793993	0.0442793993	0.0442793993	0.0442793993	0.0442793993	0.0442793993	0.0442793993	0.0442793993	0.0442793993	0.0470662004	0.0470662004	0.0470662004	0.0470662004	0.0470662004	0.0470662004	0.0470662004	0.07507937449999999	0.07507816869999999	0.0320884158	0.0320884158	0.0320884158	0.0010688379	0.0
ND_97	0.0442793993	0.0442793993	0.0442793993	0.0442793993	0.0442793993	0.0442793993	0.0442793993	0.0442793993	0.0442793993	0.0470662004	0.0470662004	0.0470662004	0.0470662004	0.0470662004	0.0470662004	0.0470662004	0.07507816869999999	0.0750787844	0.0320884158	0.0320884158	0.0320884158	0.0010688379	0.0
ND_99	0.0320884158	0.0320884158	0.0320884158	0.0320884158	0.0320884158	0.0320884158	0.0320884158	0.0320884158	0.0320884158	0.0320884158	0.0320884158	0.0320884158	0.0320884158	0.0320884158	0.0320884158	0.0320884158	0.0320884158	0.0320884158	0.056987895700000006	0.056965155499999996	0.036127722200000004	0.0010688379	0.0
ND_84	0.0320884158	0.0320884158	0.0320884158	0.0320884158	0.0320884158	0.0320884158	0.0320884158	0.0320884158	0.0320884158	0.0320884158	0.0320884158	0.0320884158	0.0320884158	0.0320884158	0.0320884158	0.0320884158	0.0320884158	0.0320884158	0.056965155499999996	0.057055005	0.036127722200000004	0.0010688379	0.0
ND_87	0.0320884158	0.0320884158	0.0320884158	0.0320884158	0.0320884158	0.0320884158	0.0320884158	0.0320884158	0.0320884158	0.0320884158	0.0320884158	0.0320884158	0.0320884158	0.0320884158	0.0320884158	0.0320884158	0.0320884158	0.0320884158	0.036127722200000004	0.036127722200000004	0.060496744100000006	0.0010688379	0.0
Microcystis_aeruginosa_LE3	0.0010688379	0.0010688379	0.0010688379	0.0010688379	0.0010688379	0.0010688379	0.0010688379	0.0010688379	0.0010688379	0.0010688379	0.0010688379	0.0010688379	0.0010688379	0.0010688379	0.0010688379	0.0010688379	0.0010688379	0.0010688379	0.0010688379	0.0010688379	0.0010688379	0.0121764323	0.0
ND_89	0.0	0.0	0.0	0.0	0.0	0.0	0.0	0.0	0.0	0.0	0.0	0.0	0.0	0.0	0.0	0.0	0.0	0.0	0.0	0.0	0.0	0.0	0.0102634439
